Workbook

Sheet 0_Manual

Sheet Studentdata
B2: Namn | C2: LiU-ID
B3: Linnéa Egnér | C3: lineg196

Sheet Riskregister
A2: Analys Risk - Riskregister
G4: Sannolikhet | I4: Konsekvens
A5: ID | B5: Tillgång | C5: Egenskap (CIA/STRIDE) | D5: Riskscenario | E5: Orsaksbeskrivning | F5: Konsekvensbeskrivning | G5: Värde S 1-4 | H5: Sannolikhetsnivå | I5: Värde K 1-4 | J5: Konsekvensnivå | K5: Risknivå | L5: Kommentar
A6: Risk-001 | B6: Extern enhet (mobil) | C6: Integrity | D6: Enheten infekteras med skadlig kod som manipulerar eller skickar felaktig information till affärssystemet | E6: Användaren installerar en skadlig app eller öppnar en infekterad fil genom att klicka på en skadlig länk, vilket gör att enheten kan tas över av en angripare | F6: Felaktig information kan skickas till affärssystemet och fakturor och bokföring kan bli felaktiga, vilket kan leda till felaktiga affärsbeslut | G6: 3 | H6: =IF(ISBLANK(G6),"",VLOOKUP(G6,Data!$C$5:$D$8,2)) -> Hög | I6: 3 | J6: =IF(ISBLANK(I6),"",VLOOKUP(I6,Data!$E$5:$F$8,2)) -> Betydande | K6: =IF(ISBLANK(I6),"",G6+I6-1) -> 5 | L6: Utbilda personalen om phishing och grundläggande informationssäkerhet
A7: Risk-002 | B7: Extern enhet (mobil) | C7: Confidentiality | D7: Mobiltelefonen tappas bort eller blir stulen och obehöriga får åtkomst till kunduppgifter | E7: Enheten saknar skärmlås, MFA för åtkomst till molntjänsten eller möjlighet till fjärradering saknas | F7: Kundinformation kan läsas av obehöriga, vilket leder till informationsläckage och minskat förtroende. Risk för bristande efterlevnad av GDPR | G7: 2 | H7: =IF(ISBLANK(G7),"",VLOOKUP(G7,Data!$C$5:$D$8,2)) -> Medelhög | I7: 4 | J7: =IF(ISBLANK(I7),"",VLOOKUP(I7,Data!$E$5:$F$8,2)) -> Allvarlig | K7: =IF(ISBLANK(I7),"",G7+I7-1) -> 5 | L7: Kräv skärmlås och MFA. Säkerställ att fjärradering av mobilen är möjlig
A8: Risk-003 | B8: Molntjänst | C8: Availability | D8: Molntjänsten blir otillgänglig | E8: Tekniskt fel hos leverantören eller problem med internetanslutningen. En möjlig orsak är även en överbelastningsattack (DDoS) | F8: Personalen kan inte komma åt affärssystemet och får pausa arbetet tills molntjänsten är tillgänglig igen | G8: 2 | H8: =IF(ISBLANK(G8),"",VLOOKUP(G8,Data!$C$5:$D$8,2)) -> Medelhög | I8: 3 | J8: =IF(ISBLANK(I8),"",VLOOKUP(I8,Data!$E$5:$F$8,2)) -> Betydande | K8: =IF(ISBLANK(I8),"",G8+I8-1) -> 4 | L8: Ha reservrutiner och följ leverantörens driftstatus vid avbrott
A9: Risk-004 | B9: Kundhantering | C9: Confidentiality | D9: En användare får åtkomst till kundinformation som den inte har behörighet att se | E9: Felaktigt konfigurerade behörigheter eller annan bristande åtkomstkontroll | F9: Känsliga kunduppgifter exponeras och företagets förtroende kan påverkas. Risk för bristande efterlevnad av GDPR | G9: 2 | H9: =IF(ISBLANK(G9),"",VLOOKUP(G9,Data!$C$5:$D$8,2)) -> Medelhög | I9: 4 | J9: =IF(ISBLANK(I9),"",VLOOKUP(I9,Data!$E$5:$F$8,2)) -> Allvarlig | K9: =IF(ISBLANK(I9),"",G9+I9-1) -> 5 | L9: Granska behörigheter regelbundet och använd principen om minsta behörighet
A10: Risk-005 | B10: Kunduppgifter mot extern tjänst (Skatteverket) | C10: Integrity | D10: Felaktiga eller manipulerade kunduppgifter skickas till Skatteverket | E10: Fel i integrationen eller manipulering av data innan överföringen | F10: Felaktiga uppgifter registreras, vilket leder till extra administration och i värsta fall regelbrott eller sanktioner | G10: 2 | H10: =IF(ISBLANK(G10),"",VLOOKUP(G10,Data!$C$5:$D$8,2)) -> Medelhög | I10: 3 | J10: =IF(ISBLANK(I10),"",VLOOKUP(I10,Data!$E$5:$F$8,2)) -> Betydande | K10: =IF(ISBLANK(I10),"",G10+I10-1) -> 4 | L10: Logga överföringar till Skatteverket för att kunna felsöka och återställa vid behov
A11: Risk-006 | B11: Dataflöde mellan Kundhanteringen och Databasen | C11: Confidentiality | D11: Kommunikation mellan kundhantering och databas avlyssnas | E11: Data överförs utan tillräcklig kryptering eller över ett osäkert nätverk | F11: Kundinformation kan läsas av obehöriga, vilket leder till informationsläckage och minskat förtroende. Risk för brott mot GDPR | G11: 1 | H11: =IF(ISBLANK(G11),"",VLOOKUP(G11,Data!$C$5:$D$8,2)) -> Låg | I11: 4 | J11: =IF(ISBLANK(I11),"",VLOOKUP(I11,Data!$E$5:$F$8,2)) -> Allvarlig | K11: =IF(ISBLANK(I11),"",G11+I11-1) -> 4 | L11: Kryptera kommunikationen med TLS/HTTPS
A12: Risk-007 | B12: Dataflöde mellan Kundhanteringen och Fakturasystemet | C12: Availability | D12: Synkroniseringen mellan kundhantering och fakturasystemet misslyckas, vilket gör att fakturor inte skapas eller uppdateras korrekt | E12: Tekniskt fel i integrationen eller nätverksproblem | F12: Fakturor försenas eller uteblir, vilket påverkar verksamheten och kan leda till försenade betalningar | G12: 3 | H12: =IF(ISBLANK(G12),"",VLOOKUP(G12,Data!$C$5:$D$8,2)) -> Hög | I12: 3 | J12: =IF(ISBLANK(I12),"",VLOOKUP(I12,Data!$E$5:$F$8,2)) -> Betydande | K12: =IF(ISBLANK(I12),"",G12+I12-1) -> 5 | L12: Övervaka synkroniseringen och larma vid fel
A13: Risk-008 | B13: Fakturasystem | C13: Integrity | D13: Fakturabelopp eller mottagare ändras innan fakturan skickas | E13: En angripare eller en obehörig användare får möjlighet att ändra informationen | F13: Felaktiga betalningar kan genomföras och företaget drabbas av ekonomiska förluster | G13: 2 | H13: =IF(ISBLANK(G13),"",VLOOKUP(G13,Data!$C$5:$D$8,2)) -> Medelhög | I13: 4 | J13: =IF(ISBLANK(I13),"",VLOOKUP(I13,Data!$E$5:$F$8,2)) -> Allvarlig | K13: =IF(ISBLANK(I13),"",G13+I13-1) -> 5 | L13: Begränsa behörigheter och logga alla ändringar av fakturor
A14: Risk-009 | B14: Databas | C14: Availability | D14: Databasen blir otillgänglig | E14: Fel på server, nätverk eller en överbelastningsattack (DDoS) | F14: Kundhanteringen kan inte läsa eller spara information och personalen kan behöva arbeta manuellt, vilket kan innebära förseningar eller ökad risk för fel | G14: 2 | H14: =IF(ISBLANK(G14),"",VLOOKUP(G14,Data!$C$5:$D$8,2)) -> Medelhög | I14: 4 | J14: =IF(ISBLANK(I14),"",VLOOKUP(I14,Data!$E$5:$F$8,2)) -> Allvarlig | K14: =IF(ISBLANK(I14),"",G14+I14-1) -> 5 | L14: Säkerhetskopiera databasen och ha en återställningsplan
A15: Risk-010 | B15: Systemadministratör | C15: Integrity | D15: En angripare tar kontroll över administratörskontot | E15: Svaga lösenord, phishingattack eller läckta inloggningsuppgifter | F15: Angriparen kan läsa, ändra eller radera information samt ge sig själv högre behörighet | G15: 3 | H15: =IF(ISBLANK(G15),"",VLOOKUP(G15,Data!$C$5:$D$8,2)) -> Hög | I15: 4 | J15: =IF(ISBLANK(I15),"",VLOOKUP(I15,Data!$E$5:$F$8,2)) -> Allvarlig | K15: =IF(ISBLANK(I15),"",G15+I15-1) -> 6 | L15: Använd starka lösenord, MFA och separata administratörskonton
A16: Risk-011 | H16: =IF(ISBLANK(G16),"",VLOOKUP(G16,Data!$C$5:$D$8,2)) | J16: =IF(ISBLANK(I16),"",VLOOKUP(I16,Data!$E$5:$F$8,2)) | K16: =IF(ISBLANK(I16),"",G16+I16-1)
A17: Risk-012 | H17: =IF(ISBLANK(G17),"",VLOOKUP(G17,Data!$C$5:$D$8,2)) | J17: =IF(ISBLANK(I17),"",VLOOKUP(I17,Data!$E$5:$F$8,2)) | K17: =IF(ISBLANK(I17),"",G17+I17-1)
A18: Risk-013 | H18: =IF(ISBLANK(G18),"",VLOOKUP(G18,Data!$C$5:$D$8,2)) | J18: =IF(ISBLANK(I18),"",VLOOKUP(I18,Data!$E$5:$F$8,2)) | K18: =IF(ISBLANK(I18),"",G18+I18-1)
A19: Risk-014 | H19: =IF(ISBLANK(G19),"",VLOOKUP(G19,Data!$C$5:$D$8,2)) | J19: =IF(ISBLANK(I19),"",VLOOKUP(I19,Data!$E$5:$F$8,2)) | K19: =IF(ISBLANK(I19),"",G19+I19-1)
A20: Risk-015 | H20: =IF(ISBLANK(G20),"",VLOOKUP(G20,Data!$C$5:$D$8,2)) | J20: =IF(ISBLANK(I20),"",VLOOKUP(I20,Data!$E$5:$F$8,2)) | K20: =IF(ISBLANK(I20),"",G20+I20-1)
A21: Risk-016 | H21: =IF(ISBLANK(G21),"",VLOOKUP(G21,Data!$C$5:$D$8,2)) | J21: =IF(ISBLANK(I21),"",VLOOKUP(I21,Data!$E$5:$F$8,2)) | K21: =IF(ISBLANK(I21),"",G21+I21-1)
A22: Risk-017 | H22: =IF(ISBLANK(G22),"",VLOOKUP(G22,Data!$C$5:$D$8,2)) | J22: =IF(ISBLANK(I22),"",VLOOKUP(I22,Data!$E$5:$F$8,2)) | K22: =IF(ISBLANK(I22),"",G22+I22-1)
A23: Risk-018 | H23: =IF(ISBLANK(G23),"",VLOOKUP(G23,Data!$C$5:$D$8,2)) | J23: =IF(ISBLANK(I23),"",VLOOKUP(I23,Data!$E$5:$F$8,2)) | K23: =IF(ISBLANK(I23),"",G23+I23-1)
A24: Risk-019 | H24: =IF(ISBLANK(G24),"",VLOOKUP(G24,Data!$C$5:$D$8,2)) | J24: =IF(ISBLANK(I24),"",VLOOKUP(I24,Data!$E$5:$F$8,2)) | K24: =IF(ISBLANK(I24),"",G24+I24-1)
A25: Risk-020 | H25: =IF(ISBLANK(G25),"",VLOOKUP(G25,Data!$C$5:$D$8,2)) | J25: =IF(ISBLANK(I25),"",VLOOKUP(I25,Data!$E$5:$F$8,2)) | K25: =IF(ISBLANK(I25),"",G25+I25-1)
A26: Risk-021 | H26: =IF(ISBLANK(G26),"",VLOOKUP(G26,Data!$C$5:$D$8,2)) | J26: =IF(ISBLANK(I26),"",VLOOKUP(I26,Data!$E$5:$F$8,2)) | K26: =IF(ISBLANK(I26),"",G26+I26-1)
A27: Risk-022 | H27: =IF(ISBLANK(G27),"",VLOOKUP(G27,Data!$C$5:$D$8,2)) | J27: =IF(ISBLANK(I27),"",VLOOKUP(I27,Data!$E$5:$F$8,2)) | K27: =IF(ISBLANK(I27),"",G27+I27-1)
... A55: Risk-050 | H55: =IF(ISBLANK(G55),"",VLOOKUP(G55,Data!$C$5:$D$8,2)) | J55: =IF(ISBLANK(I55),"",VLOOKUP(I55,Data!$E$5:$F$8,2)) | K55: =IF(ISBLANK(I55),"",G55+I55-1)

Sheet Risknivåer
A2: Risknivåer
B4: Konsekvensnivåer | K4: Riskmatris
C6: Ekonomisk förlust | E6: Minskat förtroende | G6: Avbrott i verksamheten | I6: Bristande regelefterlevnad | J6: 4 | K6: 4 | L6: 5 | M6: 6 | N6: 7
A7: 4 | B7: Allvarlig | C7: över 1 000 000 kr | E7: allvarlig påverkan på företagets rykte och risk att förlorade kunder | G7: verksamheten står stilla mer än en arbetsdag | I7: allvarligt lagbrott eller stora sanktionsavgifter (t.ex. GDPR) | J7: 3 | K7: 3 | L7: 4 | M7: 5 | N7: 6
A8: 3 | B8: Betydande | C8: 100 000 - 1 000 000 kr | E8: märkbar påverkan på kunders förtroende | G8: driftstopp under flera timmar som påverkar arbetet | I8: regelbrott som kräver rapportering eller åtgärder | J8: 2 | K8: 2 | L8: 3 | M8: 4 | N8: 5
A9: 2 | B9: Måttlig | C9: 10 000 - 100 000 kr | E9: begränsad påverkan på förtroendet hos vissa kunder | G9: driftstopp mellan 30 minuter och 3 timmar | I9: mindre avvikelser från interna rutiner | J9: 1 | K9: 1 | L9: 2 | M9: 3 | N9: 4
A10: 1 | B10: Försumbar | C10: under 10 000 kr | E10: ingen eller mycket liten påverkan på förtroendet | G10: kortare störning utan större påverkan | I10: ingen eller mycket liten påverkan på efterlevnaden | K10: 1 | L10: 2 | M10: 3 | N10: 4
B12: Sannolikhetsnivåer | K12: Risknivåer
A14: 4 | B14: Mycket hög | C14: förväntas inträffa flera gånger per år | K14: 7
A15: 3 | B15: Hög | C15: kan inträffa ungefär en gång per år | K15: 6
A16: 2 | B16: Medelhög | C16: kan inträffa någon gång under en treårsperiod | K16: 5
A17: 1 | B17: Låg | C17: osannolikt men kan inträffa under särskilda omständigheter | K17: 4
K18: 3
K19: 2
K20: 1

Sheet Data
B2: Detta ark används av Excel för att hämta uppgifter som används i de andra kalkylarken. Normalt sett behöver ni inte ändra här.
D4: Sannolikhet | F4: Konsekvens
C5: 1 | D5: Låg | E5: 1 | F5: Försumbar
C6: 2 | D6: Medelhög | E6: 2 | F6: Måttlig
C7: 3 | D7: Hög | E7: 3 | F7: Betydande
C8: 4 | D8: Mycket hög | E8: 4 | F8: Allvarlig
